tag1,tag2,tag3,tag4,tag5,tag6,ch,2018,2019,2020,2021,2022,2023,2024,2025
D,1号线,,,,,丁家河,Dingjiahe,人民广场,市民文化广场,,,,,
W,3号线,,,,,万年泉路,Wannianquan Rd,,,,,,,
S,2号线,,,,,上臧,Shangzang,汉川路,,,,,,
X,15号线,2号线,,,,下王埠(外贸学院),Xiawangbu (Shandong Foreign Trade Vocational College),下王埠,,,,,,
I,蓝谷快线,2号线,,,,世博园,International Horticultural Exposition Park,世园会,世园大道,,,,,
S,西海岸快线,,,,,世纪大道,Shiji Ave,,,,,,,
D,8号线,7号线,,,,东南山,Dongnanshan,沧口,曲戈庄,,,,,
D,7号线,,,,,东城,DONGCHENG,,,,,,,
D,6号线,,,,,东岳路,DONGYUELU,,,,,,,
D,7号线,1号线,,,,东郭庄,Dongguozhuang,,,,,,,
D,2号线,,,,,东韩,Donghan,,,,,,,
L,西海岸快线,,,,,两河,Lianghe,,,,,,,
Z,3号线,,,,,中山公园,Zhongshan Park,八大关,,,,,,
Z,1号线,,,,,中山路,Zhongshan Rd,胶州路,,,,,,
Q,1号线,,,,,中心医院,Qingdao Central Hospital,开封路,,,,,,
D,15号线,,,,,丹山,DANSHAN,,,,,,,
D,15号线,,,,,丹山南,DANSHANNAN,,,,,,,
J,6号线,,,,,九顶山,Jiudingshan,富春江路,九顶山、薛辛庄,,,,,
Y,5号线,,,,,云岭路,YUNLINGLU,,,,,,,
M,8号线,3号线,2号线,,,五四广场,May 4th Square,,,,,,,
J,西海岸快线,1号线,,,,井冈山路,Jinggangshan Rd,,,,,,,
H,4号线,3号线,,,,人民会堂,Hall of the People,大学路,,,,,,
X,1号线,,,,,仙家寨(汽车北站),Xianjiazhai(North Coach Station),汽车北站,,,,,,
X,15号线,,,,,仙山路,XIANSHANLU,,,,,,,
C,蓝谷快线,,,,,会展中心,Convention Center,,,,,,,
T,15号线,,,,,体育馆,TIYUGUAN,,,,,,,
F,2号线,,,,,佛耳崖,Fo'erya,,,,,,,
X,4号线,,,,,信号山(青大附院),Xinhaoshan (The Affliated Hospital of Qingdao University),青医附院,沂水路,青大附院,,,,
H,8号线,,,,,健康中心,Health Center,市民健康中心,,,,,,
F,8号线,,,,,健身中心(红岛会展),Fitness Center(Hongdao International Convention and Exhibition Center),市民健身中心,红岛会展,,,,,
B,5号线,,,,,八号码头,BAHAOMATOU,,,,,,,
L,8号线支线,,,,,兰州西路,LANZHOUXILU,,,,,,,
X,7号线,1号线,,,,兴国路,Xingguo Rd,,,,,,,
Q,1号线,,,,,农业大学,Qingdao Agricultural University,春阳路,,,,,,
F,6号线,,,,,凤凰山路,FENGHUANGSHANLU,,,,,,,
F,西海岸快线,,,,,凤凰山路,Fenghuangshan Rd,泰山路,广城路,,,,,
F,1号线,,,,,凤凰岛,Fenghuangdao,东环路,马头山、婉台山、饮牛湾、滨海,,,,,
F,1号线,,,,,凤岗路,Fenggang Rd,庙头,,,,,,
L,2号线,,,,,利津路,Lijin Rd,,,,,,,
Q,7号线,,,,,前东城,QIANDONGCHENG,,,,,,,
Q,9号线,,,,,前金社区,QIANJINSHEQU,,,,,,,
J,4号线,,,,,劲松三路,Jingsong 3rd Rd,河马石,,,,,,
B,蓝谷快线,,,,,北九水,Beijiushui,大崂,,,,,,
B,蓝谷快线,,,,,北宅,Beizhai,,,,,,,
B,7号线,,,,,北安,BEI’AN,,,,,,,
B,5号线,,,,,北山公园,BEISHANGONGYUAN,,,,,,,
B,1号线,,,,,北岭,Beiling,,,,,,,
B,6号线,,,,,北门外,Beimenwai,朝阳路,,,,,,
H,9号线,,,,,华城路,HUACHENGLU,,,,,,,
H,6号线,,,,,华山,Huashan,华山一路,华山村,,,,,
H,2号线,,,,,华楼山路,Hualoushan Rd,环城南路,,,,,,
N,15号线,,,,,南万,NANWAN,,,,,,,
N,1号线,,,,,南北屯,Nanbeitun,薛家岛,,,,,,
N,4号线,,,,,南宅科,Nanzhaike,九水东路,南宅,,,,,
N,1号线,,,,,南岭,Nanling,南岭路,,,,,,
N,2号线,,,,,南王家上流,Nanwangjiashangliu,常川路,,,,,,
E,蓝谷快线,,,,,博览中心,Expo Center,黄埠,,,,,,
S,3号线,,,,,双山,Shuangshan,,,,,,,
S,西海岸快线,6号线,,,,双珠路,Shuangzhu Rd,珠海路,,,,,,
G,西海岸快线,,,,,古镇口,Guzhenkou,古镇口南,寨里,,,,,
T,2号线,1号线,,,,台东,Taidong,,,,,,,
H,5号线,,,,,合肥路,HEFEILU,,,,,,,
T,2号线,,,,,同安路,Tong’an Rd,,,,,,,
J,3号线,,,,,君峰路,Junfeng Rd,,,,,,,
Z,7号线,,,,,周村,ZHOUCUN,,,,,,,
J,西海岸快线,,,,,嘉陵江西路,Jialingjiang West Rd,嘉陵江路,,,,,,
S,2号线,,,,,四川路(轮渡),Sichuan Rd (Qingdao Ferry Terminal),轮渡,青岛轮渡,,,,,
S,5号线,,,,,四方厂,SIFANGCHANG,,,,,,,
S,15号线,,,,,四方厂,SIFANGCHANG,,,,,,,
T,1号线,,,,,团岛,Tuandao,贵州路,,,,,,
G,5号线,,,,,国信体育馆,GUOXINTIYUGUAN,,,,,,,
Q,2号线,,,,,国际邮轮港,Qingdap International Cruise Terminal,,,,,,,
M,5号线,3号线,,,,地铁大厦,Metro Building,河西,,,,,,
C,9号线,,,,,城子,CHENGZI,,,,,,,
B,4号线,,,,,埠西,Buxi,劲松四路,,,,,,
X,15号线,,,,,夏塔路,XIATALU,,,,,,,
D,5号线,4号线,,,,大埠东,Dabudong,劲松七路,,,,,,
D,8号线,,,,,大山,Danshan,嘉定山,大山村,,,,,
D,4号线,,,,,大河东,Dahedong,,,,,,,
D,8号线支线,,,,,大沽河博物馆,DAGUHEBOWUGUAN,,,,,,,
D,8号线,,,,,大洋,Dayang,,,,,,,
D,8号线支线,8号线,,,,大涧,Dajian,,,,,,,
D,西海岸快线,,,,,大珠山,Dazhu Mountain,,,,,,,
T,15号线,,,,,天山一路,TIANSHANYILU,,,,,,,
T,15号线,,,,,天山二路,TIANSHAN’ERLU,,,,,,,
T,1号线,,,,,天目山路,Tianmushan Rd,,,,,,,
T,3号线,,,,,太平角公园,Taipingjiao Park,太平角,,,,,,
T,8号线支线,,,,,太湖路,TAIHULU,,,,,,,
T,1号线,,,,,太行山路,Taihangshan Rd,,,,,,,
X,西海岸快线,,,,,学院路,Xueyuan Rd,黄海东路,,,,,,
N,5号线,3号线,,,,宁夏路,Ningxia Rd,,,,,,,
A,1号线,,,,,安子,Anzi,,,,,,,
A,1号线,,,,,安顺路,Anshun Rd,,,,,,,
F,15号线,,,,,富民路,FUMINLU,,,,,,,
X,1号线,,,,,小寨子,Xiaozhaizi,文阳路,,,,,,
X,4号线,,,,,小崂山,Xiaolaoshan,静港路,,,,,,
X,1号线,,,,,小村庄,Xiaocunzhuang,,,,,,,
X,8号线,,,,,小水清沟,Xiaoshuiqinggou,南昌路北,东山公园,周口路,,,,
X,2号线,,,,,小港,Xiaogang,,,,,,,
S,8号线支线,,,,,少海北,SHAOHAIBEI,,,,,,,
S,蓝谷快线,,,,,山东大学,Shandong University,山大,鳌山卫,,,,,
S,6号线,,,,,山王河(福莱社区),Shanwanghe (Fulai Community),中德工业园,山王河公园,山王河,,,,
S,1号线,,,,,山里,Shanli,瓦屋庄,,,,,,
G,8号线支线,,,,,广州路,GUANGZHOULU,,,,,,,
G,5号线,1号线,,,,广饶路,Guangrao Rd,,,,,,,
M,蓝谷快线,,,,,庙石,Miaoshi,王哥庄,解家河,,,,,
Y,3号线,,,,,延安三路,Yan’an 3rd Rd,湛山,,,,,,
Y,5号线,,,,,延安二路,YAN’AN’ERLU,,,,,,,
Z,西海岸快线,,,,,张家楼,Zhangjialou,古镇口,,,,,,
Z,蓝谷快线,4号线,,,,张村,Zhangcun,枣山东路,张村河,,,,,
P,4号线,,,,,彭家庄,Pengjiazhuang,李宅路,营房,,,,,
X,9号线,,,,,惜福镇,XIFUZHEN,,,,,,,
P,6号线,,,,,扒山(滨海学院),Pashan (Qingdao Binhai University),滨海学院,扒山,,,,,
Z,6号线,,,,,抓马山,Zhuamashan,可洛石,,,,,,
Z,7号线,3号线,,,,振华路,Zhenhua Rd,重庆中路,西流庄,,,,,
D,3号线,,,,,敦化路,Dunhua Rd,,,,,,,
W,7号线,,,,,文安路,WEN’ANLU,,,,,,,
W,7号线,,,,,文峰路,WENFENGLU,,,,,,,
W,15号线,,,,,文阳路,WENYANGLU,,,,,,,
X,1号线,,,,,新港山路,Xingangshan Rd,安子东,海汐湾,,,,,
C,4号线,,,,,昌乐路,Changle Rd,,,,,,,
X,6号线,,,,,星海滩路,Xinghaitan Rd,创智谷,郑戈庄,,,,,
C,15号线,,,,,春阳路,CHUNYANGLU,,,,,,,
J,7号线,,,,,景岱,JINGDAI,,,,,,,
C,西海岸快线,,,,,朝阳山,Chaoyangshan,东方影都,柏果树,,,,,
C,6号线,,,,,朝阳山路,CHAOYANGSHANLU,,,,,,,
L,2号线,,,,,李家上流(八医东院区),Lijiashangliu (East Campus of Qingdao Eighth People’s Hospital),东川路,上流佳苑(八医东院区),,,,,
L,3号线,2号线,,,,李村,Licun,,,,,,,
L,2号线,,,,,李村公园,Licun Park,,,,,,,
Z,2号线,,,,,枣山路,Zaoshan Rd,,,,,,,
K,蓝谷快线,,,,,枯桃,Kutao,株洲路,,,,,,
H,6号线,,,,,横云山路,Hengyunshan Rd,生态园,基因产业园,,,,,
H,5号线,,,,,欢乐滨海城,HUANLEBINHAICHENG,,,,,,,
Z,9号线,,,,,正阳东路,ZHENGYANGDONGLU,,,,,,,
Z,9号线,1号线,,,,正阳中路,Zhengyang Middle Rd,正阳路,,,,,,
D,4号线,,,,,段家埠,Duanjiabu,崂山六中,逸海路,段家埠(崂山六中),,,,
B,2号线,,,,,毕家上流,Bijiashangliu,龙川路,,,,,,
M,6号线,,,,,毛家山(黄海学院),Maojiashan (Qingdao Huanghai University),黄海学院,毛家山,,,,,
S,蓝谷快线,,,,,水泊,Shuipo,摩天三五,鹤山路,,,,,
S,1号线,,,,,水清沟,Shuiqinggou,,,,,,,
Y,3号线,,,,,永平路,Yongping Rd,,,,,,,
Y,1号线,,,,,永年路,Yongnian Rd,牛毛山公园,,,,,,
H,3号线,,,,,汇泉广场,Huiquan Square,汇泉,,,,,,
J,3号线,,,,,江西路,Jiangxi Rd,浮山所,,,,,,
S,4号线,,,,,沙子口,Shazikou,,,,,,,
G,15号线,1号线,,,,沟岔,Goucha,沟岔村,青岛农大,,,,,
C,1号线,,,,,沧安路,Cang’an Rd,,,,,,,
H,6号线,,,,,河洛埠(中德生态园),Heluobu (Sino-German Ecopark),河洛埠,中德生态园,,,,,
P,西海岸快线,,,,,泊里,Poli,,,,,,,
T,4号线,2号线,,,,泰山路,Taishan Rd,,,,,,,
L,8号线支线,,,,,泸州路,LUZHOULU,,,,,,,
H,4号线,,,,,洪山坡(妇儿医院),Hongshanpo (Qingdao Women and Children’s Hospital),洪山坡,妇儿医院,,,,,
L,1号线,,,,,流亭,Liuting,流亭机场,峄阳路,,,,,
P,蓝谷快线,,,,,浦里,Puli,土寨河,,,,,,
F,2号线,,,,,浮山所,Fushansuo,南京路,,,,,,
H,5号线,,,,,海云庵,HAIYUN’AN,,,,,,,
H,2号线,,,,,海信桥,Haixin Bridge,延安路,,,,,,
H,6号线,,,,,海南路,HAINANLU,,,,,,,
H,2号线,,,,,海安路,Hai’an Rd,,,,,,,
H,8号线支线,,,,,海尔大道,HAI’ERDADAO,,,,,,,
H,3号线,,,,,海尔路,Hai’er Rd,河东,,,,,,
H,2号线,,,,,海川路,Haichuan Rd,,,,,,,
H,4号线,1号线,,,,海泊桥(海慈医疗),Haipo Bridge (Hiser Hospital),海泊桥,,,,,,
H,4号线,,,,,海泊河公园,Haipohe Park,内蒙古路,,,,,,
O,蓝谷快线,,,,,海洋大学,Ocean University of China,海大,,,,,,
H,2号线,,,,,海游路,Haiyou Rd,徐家麦岛,,,,,,
H,9号线,,,,,海西村,HAIXICUN,,,,,,,
H,6号线,,,,,海西路,HAIXILU,,,,,,,
Q,3号线,,,,,清江路,Qingjiang Rd,,,,,,,
W,8号线支线,,,,,温州路,WENZHOULU,,,,,,,
W,蓝谷快线,,,,,温泉东,Wenquan East,皋虞,海南,温泉镇,,,,
G,6号线,,,,,港头,Gangtou,,,,,,,
H,5号线,,,,,湖岛,HUDAO,,,,,,,
C,5号线,,,,,滁州路,CHUZHOULU,,,,,,,
A,8号线,5号线,,,,澳柯玛桥,Aokema Flyover,山东路南,亢家庄,,,,,
L,西海岸快线,,,,,灵山卫,Lingshanwei,,,,,,,
L,6号线,,,,,灵山湾,Lingshan Bay,辛屯路,,,,,,
L,6号线,,,,,灵山湾路,LINGSHANWANLU,,,,,,,
Y,9号线,,,,,玉皇岭,YUHUANGLING,,,,,,,
Y,15号线,,,,,玉霞路,YUXIALU,,,,,,,
W,6号线,1号线,,,,王家港,Wangjiagang,峨眉山路,,,,,,
H,5号线,,,,,环湾大道,HUANWANDADAO,,,,,,,
H,7号线,,,,,环秀,HUANXIU,,,,,,,
L,西海岸快线,,,,,琅琊,Langya,琅琊台,,,,,,
L,6号线,,,,,琅琊台路,LANGYATAILU,,,,,,,
R,5号线,,,,,瑞昌路,RUICHANGLU,,,,,,,
R,1号线,,,,,瑞金路,Ruijin Rd,,,,,,,
D,4号线,,,,,登瀛,Dengying,西登瀛,,,,,,
Z,9号线,,,,,皂户,ZAOHU,,,,,,,
G,蓝谷快线,,,,,皋虞,Gaoyu,大田路,,,,,,
S,西海岸快线,,,,,盛海路(世博城),Shenghai Rd (World Expo City),中铁世博,明富大道,博览城,,,,
C,1号线,,,,,石油大学,China University of Petroleum,,,,,,,
S,5号线,,,,,石老人,SHILAOREN,,,,,,,
S,5号线,2号线,,,,石老人浴场,Shilaoren Beach,啤酒城,,,,,,
F,5号线,,,,,福宁立交,FUNINGLIJIAO,,,,,,,
F,8号线支线,,,,,福州南路,FUZHOUNANLU,,,,,,,
F,4号线,,,,,福辽立交桥,Fuliao Flyover,福州路,福辽立交,,,,,
J,西海岸快线,,,,,积米崖,Jimiya,嘉年华,,,,,,
Z,8号线支线,,,,,站前大道,ZHANQIANDADAO,,,,,,,
H,8号线,,,,,红岛火车站,Hongdao Railway Station,,,,,,,
H,8号线,,,,,红岛科技馆(方特),Hongdao Science and Technology Museum (Fangte),科技馆,,,,,,
H,6号线,,,,,红树林,HONGSHULIN,,,,,,,
S,5号线,1号线,,,,胜利桥(纺织谷),Shengli Bridge (Textile Valley),胜利桥,,,,,,
J,8号线,,,,,胶东,Jiaodong,胶东镇,,,,,,
J,8号线,,,,,胶东机场,Jiaodong International Airport,,,,,,,
J,8号线,,,,,胶州北站,Jiaozhou North Railway Station,,,,,,,
J,8号线支线,,,,,胶州火车站,JIAOZHOUHUOCHEZHAN,,,,,,,
Z,蓝谷快线,,,,,臧村,Zangcun,唐家庄,,,,,,
Z,2号线,,,,,芝泉路,Zhiquan Rd,,,,,,,
M,蓝谷快线,2号线,,,,苗岭路,Miaoling Rd,,,,,,,
H,9号线,,,,,荟城路,HUICHENGLU,,,,,,,
Y,7号线,,,,,营普路,YINGPULU,,,,,,,
D,4号线,,,,,董家下庄,Dongjiaxiazhuang,李家下庄,,,,,,
D,西海岸快线,,,,,董家口港,Dongjiakou Port,中心路,董家口,,,,,
D,西海岸快线,,,,,董家口火车站,Dongjiakou Railway Station,,,,,,,
O,蓝谷快线,,,,,蓝色硅谷,Oceantec Valley,大任河,星石,硅谷大厦,,,,
L,7号线,,,,,蓝鳌路,LAN’AOLU,,,,,,,
X,1号线,,,,,薛家岛,Xuejiadao,衡山路,,,,,,
X,6号线,,,,,薛家泊子,Xuejiapozi,黄河路,,,,,,
X,8号线,4号线,,,,西吴家村,Xiwujiacun,鞍山路,,,,,,
X,9号线,,,,,西荆,XIJING,,,,,,,
X,1号线,,,,,西镇,Xizhen,,,,,,,
X,6号线,,,,,西门外,Ximenwai,海港路,,,,,,
G,8号线,,,,,观涛,Guantao,,,,,,,
G,4号线,1号线,,,,观象山(市立医院),Guanxiangshan (Qingdao Municipal Hospital),江苏路,,,,,,
G,西海岸快线,,,,,贡口湾,Gongkou Bay,,,,,,,
Z,6号线,,,,,赵家庙(影视产业园),Zhaojiamiao (Flim Metropolis),石山路,金爵路,赵家庙,,,,
X,西海岸快线,6号线,,,,辛屯,Xintun,朝阳山CBD,灵山湾,朝阳山,辛屯(灵山湾),,,
L,4号线,2号线,,,,辽阳东路,Liaoyang East Rd,汽车东站,,,,,,
Z,1号线,,,,,遵义路,Zunyi Rd,,,,,,,
C,5号线,,,,,重庆路,CHONGQINGLU,,,,,,,
Q,6号线,,,,,钱塘江路(青职学院),Qiantangjiang Rd (Qingdao Technical College),钱塘江路,,,,,,
Q,蓝谷快线,,,,,钱谷山,Qiangu Mountain,盐田西,盐田,,,,,
C,4号线,3号线,,,,错埠岭,Cuobuling,辽阳西路,,,,,,
Z,5号线,,,,,镇平路,ZHENPINGLU,,,,,,,
Z,5号线,,,,,镇江路,ZHENJIANGLU,,,,,,,
C,9号线,,,,,长城路,CHANGCHENGLU,,,,,,,
C,3号线,,,,,长沙路,Changsha Rd,保儿,,,,,,
C,2号线,,,,,长涧,Changjian,合川路,,,,,,
Y,8号线,5号线,,,,闫家山,Yanjiashan,,,,,,,
Y,西海岸快线,,,,,隐珠,Yinzhu,北京路,,,,,,
X,4号线,,,,,雄安路,Xiong’an Rd,崂山科技城,科苑经七路,刘家下庄,,,,
Q,5号线,,,,,青医东院,QINGYIDONGYUAN,,,,,,,
W,6号线,,,,,青大附院西海岸院区,West Coast Campus of the Affliated Hospital of Qingdao University,青医西院区,齐长城路,,,,,
Q,7号线,,,,,青威路,QINGWEILU,,,,,,,
Q,2号线,,,,,青岛中央法务区(燕儿岛路),Qingdao Central Legal-Services District (Yan’erdao Rd),燕儿岛路,燕儿岛路(青岛中央法务区),,,,,
Q,6号线,,,,,青岛九中(幸福小镇),Qingdao No. 9 High School (Xingfuxiaozhen),抓马山,青岛九中,管家洼,,,,
Q,蓝谷快线,,,,,青岛二中,Qingdao No. 2 Middle School,科大路,,,,,,
Q,8号线,3号线,1号线,,,青岛北站,Qingdao North Railway Station,火车北站,,,,,,
Q,蓝谷快线,,,,,青岛科大,Qingdao University of Science & Technology,辽阳东路,午山,,,,,
Q,3号线,1号线,,,,青岛站,Qingdao Railway Station,火车站,青岛火车站,,,,,
Q,6号线,,,,,青西站,QINGXIZHAN,,,,,,,
J,15号线,9号线,,,,靖城路,JINGCHENGLU,,,,,,,
X,西海岸快线,,,,,香江路,Xiangjiang Rd,,,,,,,
M,6号线,,,,,马家楼,Majialou,淮河西路,,,,,,
G,2号线,,,,,高雄路,Gaoxiong Rd,,,,,,,
A,蓝谷快线,,,,,鳌山卫,Aoshanwei,蓝色硅谷,硅谷,,,,,
A,蓝谷快线,,,,,鳌山湾,Aoshan Bay,王村新城,大桥盐场,,,,,
H,7号线,,,,,鹤山路,HESHANLU,,,,,,,
M,5号线,2号线,,,,麦岛,Maidao,麦岛路,,,,,,
L,西海岸快线,,,,,龙湾,Longwan Bay,港城CBD,港城,,,,,
